,title,company,salary,summary,url
0,Jr Software Engineer,Comcast,80000,"
The engineer will be responsible for planning and designing new software and web applications, collaborating with other engineers, completes programming and…
",
1,Junior Software Engineer,Alloy,80000,"
Grow your own skillset by proactively working with and seeking help from other engineers.
Alloy is an Identity Decisioning Platform, enabling innovative fintech…
",
2,Software Engineer I (Junior/Entry-level Backend Engineer),Boxed,80000,"
Review your peers’ code to both teach and learn while increasing the quality of our software.
You'll be working with talented product managers, designers,…
",
3,Junior Software Engineer (TC2166),Research Innovations Inc,80000,"
Assisting with cyber “hardening” of software to ensure the delivered software is secure and as well meets required cyber security standards.
",
4,newJunior Computer Engineer,GreenXT,80000,"
0-3 years of professional experience within industry as a computer engineer.
0-2 years of professional experience integrating computer hardware/software systems…
",
5,Junior Software Engineer,"MORTGAGEHIPPO, INC.",80000,"
Collaborate with the software engineering team to integrate user-facing elements with server side logic.
The company’s platform is the only modern, Point-of…
",
6,Junior Entry Level Software Engineer- All US Locations!,Marin Software,80000,"
Are you an upcoming or recent graduate (within the past 1.5 years)?
About Marin Technology, Marketing & Product Engineering.
",
7,newJunior Software Engineer (SRE),Internet Security Research Group,80000,"
Significant contributions to an open source software project.
We develop software that improves automation and security in our infrastructure.
",
8,Software Engineer (Junior to Mid-Level),"Ideation, Inc.",80000,"
Use artificial intelligence (AI)/machine learning (ML) to build intelligent software and automated business apps and bots within the federal government IT…
",
9,Junior Software Engineer,Castiron,80000,"
1-3 years of software development experience in JavaScript (React).
Establish and adhere to software engineering best practices and user-centric design…
",
10,Junior Developer- Remote,STORYSOFT,80000,"
Salary: *$60K+ (based on experience) + bonus.
Through our digital storytelling platform, marketers can create immersive digital stories which break through the…
",
11,Junior Software Engineer,"DealerOn, Inc.",80000,"
Previous Internship or work experience as a software developer.
Experience building software from the ground up and all phases of the SDLC successfully: based…
",
12,Entry Level Backend Developer/ Jr. Backend Developer,OpenSource Technologies,80000,"
Developing software with Agile Scrum or Kanban methodologies.
He/She has to be comfortable working in an agile environment and have the ability to “take the…
",
13,Junior Front End Developer,Levitate,80000,"
Troubleshooting, debugging, maintaining, and improving existing software.
We are based in Raleigh, NC – one of the nation’s fastest-growing cities.
",
14,Junior Software Development Engineer - Full stack,Apple,80000,"
The ideal candidate would be a junior engineer keen to develop their knowledge and experience as a full stack engineer, by actively contributing on various…
",
15,Junior Software Development Engineer,Sabre Systems Inc.,80000,"
Sabre Systems is currently recruiting for an entry-level Software Development Engineer to join our talented team of software developers and network engineers to…
",
16,Jr Software Developer,Intellicomm Inc,80000,"
Design and develop server side, client side and web software.
Develop extensive Internet based applications.
Design and develop mobile apps.
",
17,newSoftware Engineer - JR - PT,Indeed,80000,"
Every week sees the new release of multiple products that meet the needs of job seekers worldwide.
Design, develop, and maintain pipelines that create search…
",
18,newJr. Software Engineer,NBCUniversal,80000,"
Ability to learn new software and technologies quickly.
Assist Senior Engineers with all aspects of software development.
Work on minor bug fixes.
",
19,Junior Software Engineer,High Alpha Innovation,80000,"
Proven track record of creating consistent and performant data-centric software solutions and explaining how they address challenges customers face.
",
20,Junior software engineer,Agile Onboarding,80000,"
Agile Onboarding is a Software as a Service (Saas) tool, which provides Applicant Tracking, Onboarding and HR services to its clients.
",
21,Jr Software Engineer,Comcast,80000,"
The engineer will be responsible for planning and designing new software and web applications, collaborating with other engineers, completes programming and…
",
22,Junior Software Engineer,Alloy,80000,"
Grow your own skillset by proactively working with and seeking help from other engineers.
Alloy is an Identity Decisioning Platform, enabling innovative fintech…
",
23,Software Engineer I (Junior/Entry-level Backend Engineer),Boxed,80000,"
Review your peers’ code to both teach and learn while increasing the quality of our software.
You'll be working with talented product managers, designers,…
",
24,Junior Software Engineer (TC2166),Research Innovations Inc,80000,"
Assisting with cyber “hardening” of software to ensure the delivered software is secure and as well meets required cyber security standards.
",
25,newJunior Computer Engineer,GreenXT,80000,"
0-3 years of professional experience within industry as a computer engineer.
0-2 years of professional experience integrating computer hardware/software systems…
",
26,Junior Software Engineer,"MORTGAGEHIPPO, INC.",80000,"
Collaborate with the software engineering team to integrate user-facing elements with server side logic.
The company’s platform is the only modern, Point-of…
",
27,Junior Entry Level Software Engineer- All US Locations!,Marin Software,80000,"
Are you an upcoming or recent graduate (within the past 1.5 years)?
About Marin Technology, Marketing & Product Engineering.
",
28,newJunior Software Engineer (SRE),Internet Security Research Group,80000,"
Significant contributions to an open source software project.
We develop software that improves automation and security in our infrastructure.
",
29,Software Engineer (Junior to Mid-Level),"Ideation, Inc.",80000,"
Use artificial intelligence (AI)/machine learning (ML) to build intelligent software and automated business apps and bots within the federal government IT…
",
30,Junior Software Engineer,High Alpha Innovation,80000,"
Proven track record of creating consistent and performant data-centric software solutions and explaining how they address challenges customers face.
",
31,Junior software engineer,Agile Onboarding,80000,"
Agile Onboarding is a Software as a Service (Saas) tool, which provides Applicant Tracking, Onboarding and HR services to its clients.
",
32,Jr Software Engineer,Comcast,80000,"
The engineer will be responsible for planning and designing new software and web applications, collaborating with other engineers, completes programming and…
",
33,Junior Software Engineer,Alloy,80000,"
Grow your own skillset by proactively working with and seeking help from other engineers.
Alloy is an Identity Decisioning Platform, enabling innovative fintech…
",
34,Software Engineer I (Junior/Entry-level Backend Engineer),Boxed,80000,"
Review your peers’ code to both teach and learn while increasing the quality of our software.
You'll be working with talented product managers, designers,…
",
35,Junior Software Engineer (TC2166),Research Innovations Inc,80000,"
Assisting with cyber “hardening” of software to ensure the delivered software is secure and as well meets required cyber security standards.
",
36,newJunior Computer Engineer,GreenXT,80000,"
0-3 years of professional experience within industry as a computer engineer.
0-2 years of professional experience integrating computer hardware/software systems…
",
37,Junior Software Engineer,"MORTGAGEHIPPO, INC.",80000,"
Collaborate with the software engineering team to integrate user-facing elements with server side logic.
The company’s platform is the only modern, Point-of…
",
38,Junior Entry Level Software Engineer- All US Locations!,Marin Software,80000,"
Are you an upcoming or recent graduate (within the past 1.5 years)?
About Marin Technology, Marketing & Product Engineering.
",
39,newJunior Software Engineer (SRE),Internet Security Research Group,80000,"
Significant contributions to an open source software project.
We develop software that improves automation and security in our infrastructure.
",
40,Software Engineer (Junior to Mid-Level),"Ideation, Inc.",80000,"
Use artificial intelligence (AI)/machine learning (ML) to build intelligent software and automated business apps and bots within the federal government IT…
",
41,Junior Software Engineer,Castiron,80000,"
1-3 years of software development experience in JavaScript (React).
Establish and adhere to software engineering best practices and user-centric design…
",
42,Junior Developer- Remote,STORYSOFT,80000,"
Salary: *$60K+ (based on experience) + bonus.
Through our digital storytelling platform, marketers can create immersive digital stories which break through the…
",
43,Junior Software Engineer,"DealerOn, Inc.",80000,"
Previous Internship or work experience as a software developer.
Experience building software from the ground up and all phases of the SDLC successfully: based…
",
44,Entry Level Backend Developer/ Jr. Backend Developer,OpenSource Technologies,80000,"
Developing software with Agile Scrum or Kanban methodologies.
He/She has to be comfortable working in an agile environment and have the ability to “take the…
",
45,newSoftware Engineer - JR - PT,Indeed,80000,"
Every week sees the new release of multiple products that meet the needs of job seekers worldwide.
Design, develop, and maintain pipelines that create search…
",
46,newJr. Software Engineer,NBCUniversal,80000,"
Ability to learn new software and technologies quickly.
Assist Senior Engineers with all aspects of software development.
Work on minor bug fixes.
",
47,Junior Software Engineer,High Alpha Innovation,80000,"
Proven track record of creating consistent and performant data-centric software solutions and explaining how they address challenges customers face.
",
48,Junior software engineer,Agile Onboarding,80000,"
Agile Onboarding is a Software as a Service (Saas) tool, which provides Applicant Tracking, Onboarding and HR services to its clients.
",
49,Jr Software Engineer,Comcast,80000,"
The engineer will be responsible for planning and designing new software and web applications, collaborating with other engineers, completes programming and…
",
50,Junior Software Engineer,Alloy,80000,"
Grow your own skillset by proactively working with and seeking help from other engineers.
Alloy is an Identity Decisioning Platform, enabling innovative fintech…
",
51,Software Engineer I (Junior/Entry-level Backend Engineer),Boxed,80000,"
Review your peers’ code to both teach and learn while increasing the quality of our software.
You'll be working with talented product managers, designers,…
",
52,Junior Software Engineer (TC2166),Research Innovations Inc,80000,"
Assisting with cyber “hardening” of software to ensure the delivered software is secure and as well meets required cyber security standards.
",
53,newJunior Computer Engineer,GreenXT,80000,"
0-3 years of professional experience within industry as a computer engineer.
0-2 years of professional experience integrating computer hardware/software systems…
",
54,Junior Software Engineer,"MORTGAGEHIPPO, INC.",80000,"
Collaborate with the software engineering team to integrate user-facing elements with server side logic.
The company’s platform is the only modern, Point-of…
",
55,Junior Entry Level Software Engineer- All US Locations!,Marin Software,80000,"
Are you an upcoming or recent graduate (within the past 1.5 years)?
About Marin Technology, Marketing & Product Engineering.
",
56,newJunior Software Engineer (SRE),Internet Security Research Group,80000,"
Significant contributions to an open source software project.
We develop software that improves automation and security in our infrastructure.
",
57,Software Engineer (Junior to Mid-Level),"Ideation, Inc.",80000,"
Use artificial intelligence (AI)/machine learning (ML) to build intelligent software and automated business apps and bots within the federal government IT…
",
58,Junior Software Engineer,Castiron,80000,"
1-3 years of software development experience in JavaScript (React).
Establish and adhere to software engineering best practices and user-centric design…
",
59,Junior Developer- Remote,STORYSOFT,80000,"
Salary: *$60K+ (based on experience) + bonus.
Through our digital storytelling platform, marketers can create immersive digital stories which break through the…
",
